{
    "porto": [
        {
            "kategori": "graphic-design",
            "deskripsi": "Supermoon is the name given to the full moon when it orbits closest to Earth.",
            "gambar": "Desain-1.jpg"
        },
        {
            "kategori": "graphic-design",
            "deskripsi": "Saturday Night? Just sleep at home..",
            "gambar": "Desain-2.jpg"
        },
        {
            "kategori": "graphic-design",
            "deskripsi": "Slow motion is an effect in film-making whereby time appears to be slowed down..",
            "gambar": "Desain-3.jpg"
        },
        {
            "kategori": "graphic-design",
            "deskripsi": "Mount Lawu is located on the border of East Java and Central Java.",
            "gambar": "Desain-4.jpg"
        },
        {
            "kategori": "graphic-design",
            "deskripsi": "Meet me where the sun touch the sea..",
            "gambar": "Desain-5.jpg"
        },
        {
            "kategori": "graphic-design",
            "deskripsi": "Each morning we are born again..",
            "gambar": "Desain-6.jpg"
        },
        {
            "kategori": "web-design",
            "deskripsi": "Bookstore Web Design.. Web design to complete tasks with HTML, CSS and Python..",
            "gambar": "Desain-7.jpg"
        },
        {
            "kategori": "mobile",
            "deskripsi": "M-Library is a library management application that is implemented at UIN Maulana Malik Ibrahim",
            "gambar": "Desain-8.jpg"
        },
        {
            "kategori": "web-design",
            "deskripsi": "Creative Idea in Development (Credia.id) is a competition held in my department",
            "gambar": "Desain-9.jpg"
        },
        {
            "kategori": "mobile",
            "deskripsi": "I tried to make Audio Player UI Design",
            "gambar": "Desain-10.jpg"
        },
        {
            "kategori": "mobile",
            "deskripsi": "Movie and Ticket Booking Mobile Apps.. ",
            "gambar": "Desain-11.jpg"
        },
        {
            "kategori": "web-design",
            "deskripsi": "This is the first time making web design with Adobe XD..",
            "gambar": "Desain-12.jpg"
        },
        {
            "kategori": "web-design",
            "deskripsi": "This semester's vacation I tried to make a web landing page for organizations on my campus..",
            "gambar": "Desain-13.jpg"
        },
        {
            "kategori": "web-design",
            "deskripsi": "This is a prototype web design for software engineering course",
            "gambar": "Desain-14.jpg"
        },
        {
            "kategori": "mobile",
            "deskripsi": "This is the Tikrar application concept UI.. Tikrar is a memorization application to memorize the Qur'an",
            "gambar": "Desain-15.jpg"
        }
    ]
}